Honda Civic LXR 2.0;R$ 68.750;https://df.olx.com.br/distrito-federal-e-regiao/hobbies-e-colecoes/honda-civic-lxr-2-0-1132237235
Sucata Honda Civic 2.0 2016;R$ 40.000;https://df.olx.com.br/distrito-federal-e-regiao/hobbies-e-colecoes/sucata-honda-civic-2-0-2016-1055403209
Sucata Civic Honda 2.0 Completo;R$ 30.000;https://df.olx.com.br/distrito-federal-e-regiao/hobbies-e-colecoes/sucata-civic-honda-2-0-completo-1033864669
Miniatura Carro Honda Civic 1:18 geração 11 turbo;R$ 899;https://df.olx.com.br/distrito-federal-e-regiao/hobbies-e-colecoes/miniatura-carro-honda-civic-1-18-geracao-11-turbo-1123237804
Miniatura Carro Honda Civic 1:18;R$ 699;https://df.olx.com.br/distrito-federal-e-regiao/hobbies-e-colecoes/miniatura-carro-honda-civic-1-18-1090843352
Sucata honda City 1.5 2014 Completo;R$ 40.000;https://df.olx.com.br/distrito-federal-e-regiao/hobbies-e-colecoes/sucata-honda-city-1-5-2014-completo-1055403264
Sucata Honda City 1.5;R$ 50.000;https://df.olx.com.br/distrito-federal-e-regiao/hobbies-e-colecoes/sucata-honda-city-1-5-1028825885
Escavadeira Kmoist - Acesse Site Nikompras e Confira em Nossa Seção de Brinquedos - DF;R$ 297;https://df.olx.com.br/distrito-federal-e-regiao/hobbies-e-colecoes/escavadeira-kmoist-acesse-site-nikompras-e-confira-em-nossa-secao-de-brinquedos-df-1141700890
Corolla Cross 2.0 XRE Único dono Pouco rodado!;R$ 163.000;https://df.olx.com.br/distrito-federal-e-regiao/hobbies-e-colecoes/corolla-cross-2-0-xre-unico-dono-pouco-rodado-1143908656
Fiat Mobi 1.0 Completo Pouco rodado Unico dono;R$ 59.900;https://df.olx.com.br/distrito-federal-e-regiao/hobbies-e-colecoes/fiat-mobi-1-0-completo-pouco-rodado-unico-dono-1142899765
Corolla 2.0 Altis 2022/2023 Pouco rodado Unico Dono!;R$ 167.000;https://df.olx.com.br/distrito-federal-e-regiao/hobbies-e-colecoes/corolla-2-0-altis-2022-2023-pouco-rodado-unico-dono-1142344058
Sucata Versa 3V 2014;R$ 42.000;https://df.olx.com.br/distrito-federal-e-regiao/hobbies-e-colecoes/sucata-versa-3v-2014-1107537564
Tiguan Allspace 1.4 250 tsi Unico dono Com Teto Solar 7 Lugares;R$ 141.000;https://df.olx.com.br/distrito-federal-e-regiao/hobbies-e-colecoes/tiguan-allspace-1-4-250-tsi-unico-dono-com-teto-solar-7-lugares-1141876714
Toyota Corolla Xei 2.0 2020 , Único dono , Pouco Rodado;R$ 124.900;https://df.olx.com.br/distrito-federal-e-regiao/hobbies-e-colecoes/toyota-corolla-xei-2-0-2020-unico-dono-pouco-rodado-1141352716
Rosh;R$ 230;https://df.olx.com.br/distrito-federal-e-regiao/hobbies-e-colecoes/rosh-1138901024
Sandero 1.0 S Edition com apenas 3 mil km rodados Impecavel!;R$ 72.900;https://df.olx.com.br/distrito-federal-e-regiao/hobbies-e-colecoes/sandero-1-0-s-edition-com-apenas-3-mil-km-rodados-impecavel-1138671405
Frontier 2.3 Diesel Attack 4X4 Automático Unico Dono!;R$ 175.000;https://df.olx.com.br/distrito-federal-e-regiao/hobbies-e-colecoes/frontier-2-3-diesel-attack-4x4-automatico-unico-dono-1138371429
Compass 2.0 Diesel Limited 4X4 Automatico Unico Dono!;R$ 169.000;https://df.olx.com.br/distrito-federal-e-regiao/hobbies-e-colecoes/compass-2-0-diesel-limited-4x4-automatico-unico-dono-1138269301
Hilux srx 2.8 4X4 Diesel Automático Unico Dono!;R$ 245.000;https://df.olx.com.br/distrito-federal-e-regiao/hobbies-e-colecoes/hilux-srx-2-8-4x4-diesel-automatico-unico-dono-1138247088
Frontier XE 2.3 4x4 Diesel Unico Dono!;R$ 176.000;https://df.olx.com.br/distrito-federal-e-regiao/hobbies-e-colecoes/frontier-xe-2-3-4x4-diesel-unico-dono-1138189587
Cross Up! 170TSI 19/19 Único Dono Todas as Revisões na Concessionaria;R$ 59.900;https://df.olx.com.br/distrito-federal-e-regiao/hobbies-e-colecoes/cross-up-170tsi-19-19-unico-dono-todas-as-revisoes-na-concessionaria-1133065876
Trailblazer 2.8 LT 4x4 Diesel Automático Único Dono!;R$ 160.000;https://df.olx.com.br/distrito-federal-e-regiao/hobbies-e-colecoes/trailblazer-2-8-lt-4x4-diesel-automatico-unico-dono-1132670581
Carrinho Off Road Controle Remoto 37Cm 50 Metros d Distância - Acesse Site Nikompras - DF;R$ 370;https://df.olx.com.br/distrito-federal-e-regiao/hobbies-e-colecoes/carrinho-off-road-controle-remoto-37cm-50-metros-d-distancia-acesse-site-nikompras-df-1112769049
